<?xml version="1.0" encoding="UTF-8"?>
<GenRun Id="impl_1" LaunchPart="xc7a35tcpg236-1" LaunchTime="1729150215">
  <File Type="ROUTE-PWR" Name="combined_power_routed.rpt"/>
  <File Type="PA-TCL" Name="combined.tcl"/>
  <File Type="BITSTR-BMM" Name="combined_bd.bmm"/>
  <File Type="ROUTE-PWR-SUM" Name="combined_power_summary_routed.pb"/>
  <File Type="REPORTS-TCL" Name="combined_reports.tcl"/>
  <File Type="OPT-DCP" Name="combined_opt.dcp"/>
  <File Type="OPT-DRC" Name="combined_drc_opted.rpt"/>
  <File Type="OPT-HWDEF" Name="combined.hwdef"/>
  <File Type="PWROPT-DCP" Name="combined_pwropt.dcp"/>
  <File Type="PLACE-DCP" Name="combined_placed.dcp"/>
  <File Type="PLACE-IO" Name="combined_io_placed.rpt"/>
  <File Type="PLACE-UTIL" Name="combined_utilization_placed.rpt"/>
  <File Type="PLACE-UTIL-PB" Name="combined_utilization_placed.pb"/>
  <File Type="PLACE-CTRL" Name="combined_control_sets_placed.rpt"/>
  <File Type="PLACE-PRE-SIMILARITY" Name="combined_incremental_reuse_pre_placed.rpt"/>
  <File Type="BG-BGN" Name="combined.bgn"/>
  <File Type="POSTPLACE-PWROPT-DCP" Name="combined_postplace_pwropt.dcp"/>
  <File Type="BG-BIN" Name="combined.bin"/>
  <File Type="PHYSOPT-DCP" Name="combined_physopt.dcp"/>
  <File Type="BITSTR-MSK" Name="combined.msk"/>
  <File Type="ROUTE-ERROR-DCP" Name="combined_routed_error.dcp"/>
  <File Type="ROUTE-DCP" Name="combined_routed.dcp"/>
  <File Type="ROUTE-BLACKBOX-DCP" Name="combined_routed_bb.dcp"/>
  <File Type="ROUTE-DRC" Name="combined_drc_routed.rpt"/>
  <File Type="ROUTE-DRC-PB" Name="combined_drc_routed.pb"/>
  <File Type="ROUTE-DRC-RPX" Name="combined_drc_routed.rpx"/>
  <File Type="BITSTR-LTX" Name="combined.ltx"/>
  <File Type="ROUTE-METHODOLOGY-DRC" Name="combined_methodology_drc_routed.rpt"/>
  <File Type="BITSTR-MMI" Name="combined.mmi"/>
  <File Type="ROUTE-METHODOLOGY-DRC-RPX" Name="combined_methodology_drc_routed.rpx"/>
  <File Type="ROUTE-METHODOLOGY-DRC-PB" Name="combined_methodology_drc_routed.pb"/>
  <File Type="BITSTR-SYSDEF" Name="combined.sysdef"/>
  <File Type="ROUTE-PWR-RPX" Name="combined_power_routed.rpx"/>
  <File Type="ROUTE-STATUS" Name="combined_route_status.rpt"/>
  <File Type="ROUTE-STATUS-PB" Name="combined_route_status.pb"/>
  <File Type="ROUTE-TIMINGSUMMARY" Name="combined_timing_summary_routed.rpt"/>
  <File Type="ROUTE-TIMING-PB" Name="combined_timing_summary_routed.pb"/>
  <File Type="ROUTE-TIMING-RPX" Name="combined_timing_summary_routed.rpx"/>
  <File Type="ROUTE-CLK" Name="combined_clock_utilization_routed.rpt"/>
  <File Type="ROUTE-BUS-SKEW" Name="combined_bus_skew_routed.rpt"/>
  <File Type="ROUTE-BUS-SKEW-PB" Name="combined_bus_skew_routed.pb"/>
  <File Type="ROUTE-BUS-SKEW-RPX" Name="combined_bus_skew_routed.rpx"/>
  <File Type="POSTROUTE-PHYSOPT-DCP" Name="combined_postroute_physopt.dcp"/>
  <File Type="POSTROUTE-PHYSOPT-BLACKBOX-DCP" Name="combined_postroute_physopt_bb.dcp"/>
  <File Type="BG-BIT" Name="combined.bit"/>
  <File Type="BITSTR-RBT" Name="combined.rbt"/>
  <File Type="BITSTR-NKY" Name="combined.nky"/>
  <File Type="BG-DRC" Name="combined.drc"/>
  <File Type="RDI-RDI" Name="combined.vdi"/>
  <File Type="WBT-USG" Name="usage_statistics_webtalk.html"/>
  <FileSet Name="sources" Type="DesignSrcs" RelSrcDir="$PSRCDIR/sources_1">
    <Filter Type="Srcs"/>
    <File Path="$PSRCDIR/sources_1/new/Oled_Display.v">
      <FileInfo>
        <Attr Name="ImportPath" Val="$PPRDIR/../../../../../../../../Documents/EE2026_projects/projectile/projectile.srcs/sources_1/new/Oled_Display.v"/>
        <Attr Name="ImportTime" Val="1728553298"/>
        <Attr Name="UsedIn" Val="synthesis"/>
        <Attr Name="UsedIn" Val="implementation"/>
        <Attr Name="UsedIn" Val="simulation"/>
      </FileInfo>
    </File>
    <File Path="$PSRCDIR/sources_1/new/button_press.v">
      <FileInfo>
        <Attr Name="ImportPath" Val="$PPRDIR/../../../../../../../../Documents/EE2026_projects/projectile/projectile.srcs/sources_1/new/button_press.v"/>
        <Attr Name="ImportTime" Val="1728715955"/>
        <Attr Name="UsedIn" Val="synthesis"/>
        <Attr Name="UsedIn" Val="implementation"/>
        <Attr Name="UsedIn" Val="simulation"/>
      </FileInfo>
    </File>
    <File Path="$PSRCDIR/sources_1/new/direction.v">
      <FileInfo>
        <Attr Name="ImportPath" Val="$PPRDIR/../../../../../../../../Documents/EE2026_projects/projectile/projectile.srcs/sources_1/new/direction.v"/>
        <Attr Name="ImportTime" Val="1728709600"/>
        <Attr Name="UsedIn" Val="synthesis"/>
        <Attr Name="UsedIn" Val="implementation"/>
        <Attr Name="UsedIn" Val="simulation"/>
      </FileInfo>
    </File>
    <File Path="$PSRCDIR/sources_1/new/flexible_clock.v">
      <FileInfo>
        <Attr Name="ImportPath" Val="$PPRDIR/../../../../../../../../Documents/EE2026_projects/projectile/projectile.srcs/sources_1/new/flexible_clock.v"/>
        <Attr Name="ImportTime" Val="1728548995"/>
        <Attr Name="UsedIn" Val="synthesis"/>
        <Attr Name="UsedIn" Val="implementation"/>
        <Attr Name="UsedIn" Val="simulation"/>
      </FileInfo>
    </File>
    <File Path="$PSRCDIR/sources_1/new/is_hit.v">
      <FileInfo>
        <Attr Name="ImportPath" Val="$PPRDIR/../../../../../../../../Documents/EE2026_projects/projectile/projectile.srcs/sources_1/new/is_hit.v"/>
        <Attr Name="ImportTime" Val="1729150105"/>
        <Attr Name="UsedIn" Val="synthesis"/>
        <Attr Name="UsedIn" Val="implementation"/>
        <Attr Name="UsedIn" Val="simulation"/>
      </FileInfo>
    </File>
    <File Path="$PSRCDIR/sources_1/new/position_counter.v">
      <FileInfo>
        <Attr Name="ImportPath" Val="$PPRDIR/../../../../../../../../Documents/EE2026_projects/projectile/projectile.srcs/sources_1/new/position_counter.v"/>
        <Attr Name="ImportTime" Val="1729150194"/>
        <Attr Name="UsedIn" Val="synthesis"/>
        <Attr Name="UsedIn" Val="implementation"/>
        <Attr Name="UsedIn" Val="simulation"/>
      </FileInfo>
    </File>
    <File Path="$PSRCDIR/sources_1/new/projectile_display.v">
      <FileInfo>
        <Attr Name="ImportPath" Val="$PPRDIR/../../../../../../../../Documents/EE2026_projects/projectile/projectile.srcs/sources_1/new/projectile_display.v"/>
        <Attr Name="ImportTime" Val="1729150123"/>
        <Attr Name="UsedIn" Val="synthesis"/>
        <Attr Name="UsedIn" Val="implementation"/>
        <Attr Name="UsedIn" Val="simulation"/>
      </FileInfo>
    </File>
    <File Path="$PSRCDIR/sources_1/new/random_xy_tank.v">
      <FileInfo>
        <Attr Name="ImportPath" Val="$PPRDIR/../../../../../../../../Documents/EE2026_projects/projectile/projectile.srcs/sources_1/new/random_xy_tank.v"/>
        <Attr Name="ImportTime" Val="1729150072"/>
        <Attr Name="UsedIn" Val="synthesis"/>
        <Attr Name="UsedIn" Val="implementation"/>
        <Attr Name="UsedIn" Val="simulation"/>
      </FileInfo>
    </File>
    <File Path="$PSRCDIR/sources_1/new/syncer.v">
      <FileInfo>
        <Attr Name="ImportPath" Val="$PPRDIR/../../../../../../../../Documents/EE2026_projects/projectile/projectile.srcs/sources_1/new/syncer.v"/>
        <Attr Name="ImportTime" Val="1729150031"/>
        <Attr Name="UsedIn" Val="synthesis"/>
        <Attr Name="UsedIn" Val="implementation"/>
        <Attr Name="UsedIn" Val="simulation"/>
      </FileInfo>
    </File>
    <File Path="$PSRCDIR/sources_1/new/combined.v">
      <FileInfo>
        <Attr Name="ImportPath" Val="$PPRDIR/../../../../../../../../Documents/EE2026_projects/projectile/projectile.srcs/sources_1/new/combined.v"/>
        <Attr Name="ImportTime" Val="1729150021"/>
        <Attr Name="UsedIn" Val="synthesis"/>
        <Attr Name="UsedIn" Val="implementation"/>
        <Attr Name="UsedIn" Val="simulation"/>
      </FileInfo>
    </File>
    <File Path="$PSRCDIR/sources_1/new/xy_convert.v">
      <FileInfo>
        <Attr Name="AutoDisabled" Val="1"/>
        <Attr Name="ImportPath" Val="$PPRDIR/../../../../../../../../Documents/EE2026_projects/projectile/projectile.srcs/sources_1/new/xy_convert.v"/>
        <Attr Name="ImportTime" Val="1728546469"/>
        <Attr Name="UsedIn" Val="synthesis"/>
        <Attr Name="UsedIn" Val="implementation"/>
        <Attr Name="UsedIn" Val="simulation"/>
      </FileInfo>
    </File>
    <File Path="$PSRCDIR/sources_1/new/fired.v">
      <FileInfo>
        <Attr Name="AutoDisabled" Val="1"/>
        <Attr Name="ImportPath" Val="$PPRDIR/../../../../../../../../Documents/EE2026_projects/projectile/projectile.srcs/sources_1/new/fired.v"/>
        <Attr Name="ImportTime" Val="1728545897"/>
        <Attr Name="UsedIn" Val="synthesis"/>
        <Attr Name="UsedIn" Val="implementation"/>
        <Attr Name="UsedIn" Val="simulation"/>
      </FileInfo>
    </File>
    <File Path="$PSRCDIR/sources_1/new/motion.v">
      <FileInfo>
        <Attr Name="AutoDisabled" Val="1"/>
        <Attr Name="ImportPath" Val="$PPRDIR/../../../../../../../../Documents/EE2026_projects/projectile/projectile.srcs/sources_1/new/motion.v"/>
        <Attr Name="ImportTime" Val="1728547603"/>
        <Attr Name="UsedIn" Val="synthesis"/>
        <Attr Name="UsedIn" Val="implementation"/>
        <Attr Name="UsedIn" Val="simulation"/>
      </FileInfo>
    </File>
    <File Path="$PSRCDIR/sources_1/new/counter.v">
      <FileInfo>
        <Attr Name="AutoDisabled" Val="1"/>
        <Attr Name="ImportPath" Val="$PPRDIR/../../../../../../../../Documents/EE2026_projects/projectile/projectile.srcs/sources_1/new/counter.v"/>
        <Attr Name="ImportTime" Val="1728556787"/>
        <Attr Name="UsedIn" Val="synthesis"/>
        <Attr Name="UsedIn" Val="implementation"/>
        <Attr Name="UsedIn" Val="simulation"/>
      </FileInfo>
    </File>
    <Config>
      <Option Name="DesignMode" Val="RTL"/>
      <Option Name="TopModule" Val="combined"/>
      <Option Name="TopAutoSet" Val="TRUE"/>
    </Config>
  </FileSet>
  <FileSet Name="constrs_in" Type="Constrs" RelSrcDir="$PSRCDIR/constrs_1">
    <Filter Type="Constrs"/>
    <File Path="$PSRCDIR/constrs_1/new/basys3.xdc">
      <FileInfo>
        <Attr Name="ImportPath" Val="$PPRDIR/../../../../../../../../Documents/EE2026_projects/projectile/projectile.srcs/constrs_1/new/basys3.xdc"/>
        <Attr Name="ImportTime" Val="1728708510"/>
        <Attr Name="UsedIn" Val="synthesis"/>
        <Attr Name="UsedIn" Val="implementation"/>
      </FileInfo>
    </File>
    <Config>
      <Option Name="ConstrsType" Val="XDC"/>
    </Config>
  </FileSet>
  <Strategy Version="1" Minor="2">
    <StratHandle Name="Vivado Implementation Defaults" Flow="Vivado Implementation 2018"/>
    <Step Id="init_design"/>
    <Step Id="opt_design"/>
    <Step Id="power_opt_design"/>
    <Step Id="place_design"/>
    <Step Id="post_place_power_opt_design"/>
    <Step Id="phys_opt_design"/>
    <Step Id="route_design"/>
    <Step Id="post_route_phys_opt_design"/>
    <Step Id="write_bitstream"/>
  </Strategy>
</GenRun>
