<?xml version="1.0" encoding="UTF-8"?>
<GenRun Id="impl_1" LaunchPart="xc7a35tcpg236-1" LaunchTime="1728500649">
  <File Type="ROUTE-PWR" Name="Top_Student_power_routed.rpt"/>
  <File Type="PA-TCL" Name="Top_Student.tcl"/>
  <File Type="BITSTR-BMM" Name="Top_Student_bd.bmm"/>
  <File Type="ROUTE-PWR-SUM" Name="Top_Student_power_summary_routed.pb"/>
  <File Type="REPORTS-TCL" Name="Top_Student_reports.tcl"/>
  <File Type="OPT-DCP" Name="Top_Student_opt.dcp"/>
  <File Type="OPT-DRC" Name="Top_Student_drc_opted.rpt"/>
  <File Type="OPT-HWDEF" Name="Top_Student.hwdef"/>
  <File Type="PWROPT-DCP" Name="Top_Student_pwropt.dcp"/>
  <File Type="PLACE-DCP" Name="Top_Student_placed.dcp"/>
  <File Type="PLACE-IO" Name="Top_Student_io_placed.rpt"/>
  <File Type="PLACE-UTIL" Name="Top_Student_utilization_placed.rpt"/>
  <File Type="PLACE-UTIL-PB" Name="Top_Student_utilization_placed.pb"/>
  <File Type="PLACE-CTRL" Name="Top_Student_control_sets_placed.rpt"/>
  <File Type="PLACE-PRE-SIMILARITY" Name="Top_Student_incremental_reuse_pre_placed.rpt"/>
  <File Type="BG-BGN" Name="Top_Student.bgn"/>
  <File Type="POSTPLACE-PWROPT-DCP" Name="Top_Student_postplace_pwropt.dcp"/>
  <File Type="BG-BIN" Name="Top_Student.bin"/>
  <File Type="PHYSOPT-DCP" Name="Top_Student_physopt.dcp"/>
  <File Type="BITSTR-MSK" Name="Top_Student.msk"/>
  <File Type="ROUTE-ERROR-DCP" Name="Top_Student_routed_error.dcp"/>
  <File Type="ROUTE-DCP" Name="Top_Student_routed.dcp"/>
  <File Type="ROUTE-BLACKBOX-DCP" Name="Top_Student_routed_bb.dcp"/>
  <File Type="ROUTE-DRC" Name="Top_Student_drc_routed.rpt"/>
  <File Type="ROUTE-DRC-PB" Name="Top_Student_drc_routed.pb"/>
  <File Type="ROUTE-DRC-RPX" Name="Top_Student_drc_routed.rpx"/>
  <File Type="BITSTR-LTX" Name="Top_Student.ltx"/>
  <File Type="ROUTE-METHODOLOGY-DRC" Name="Top_Student_methodology_drc_routed.rpt"/>
  <File Type="BITSTR-MMI" Name="Top_Student.mmi"/>
  <File Type="ROUTE-METHODOLOGY-DRC-RPX" Name="Top_Student_methodology_drc_routed.rpx"/>
  <File Type="ROUTE-METHODOLOGY-DRC-PB" Name="Top_Student_methodology_drc_routed.pb"/>
  <File Type="BITSTR-SYSDEF" Name="Top_Student.sysdef"/>
  <File Type="ROUTE-PWR-RPX" Name="Top_Student_power_routed.rpx"/>
  <File Type="ROUTE-STATUS" Name="Top_Student_route_status.rpt"/>
  <File Type="ROUTE-STATUS-PB" Name="Top_Student_route_status.pb"/>
  <File Type="ROUTE-TIMINGSUMMARY" Name="Top_Student_timing_summary_routed.rpt"/>
  <File Type="ROUTE-TIMING-PB" Name="Top_Student_timing_summary_routed.pb"/>
  <File Type="ROUTE-TIMING-RPX" Name="Top_Student_timing_summary_routed.rpx"/>
  <File Type="ROUTE-CLK" Name="Top_Student_clock_utilization_routed.rpt"/>
  <File Type="ROUTE-BUS-SKEW" Name="Top_Student_bus_skew_routed.rpt"/>
  <File Type="ROUTE-BUS-SKEW-PB" Name="Top_Student_bus_skew_routed.pb"/>
  <File Type="ROUTE-BUS-SKEW-RPX" Name="Top_Student_bus_skew_routed.rpx"/>
  <File Type="POSTROUTE-PHYSOPT-DCP" Name="Top_Student_postroute_physopt.dcp"/>
  <File Type="POSTROUTE-PHYSOPT-BLACKBOX-DCP" Name="Top_Student_postroute_physopt_bb.dcp"/>
  <File Type="BG-BIT" Name="Top_Student.bit"/>
  <File Type="BITSTR-RBT" Name="Top_Student.rbt"/>
  <File Type="BITSTR-NKY" Name="Top_Student.nky"/>
  <File Type="BG-DRC" Name="Top_Student.drc"/>
  <File Type="RDI-RDI" Name="Top_Student.vdi"/>
  <File Type="WBT-USG" Name="usage_statistics_webtalk.html"/>
  <FileSet Name="sources" Type="DesignSrcs" RelSrcDir="$PSRCDIR/sources_1">
    <Filter Type="Srcs"/>
    <File Path="$PSRCDIR/sources_1/ip/blk_mem_gen_inter/blk_mem_gen_inter.xci">
      <FileInfo>
        <Attr Name="ImportPath" Val="$PPRDIR/../../../../../../../../../../../../../../../../../../../../../../../../../../../../../../../../../../../../../../../MODS.srcs/sources_1/ip/blk_mem_gen_inter/blk_mem_gen_inter.xci"/>
        <Attr Name="ImportTime" Val="1673495803"/>
        <Attr Name="UsedIn" Val="synthesis"/>
        <Attr Name="UsedIn" Val="implementation"/>
        <Attr Name="UsedIn" Val="simulation"/>
      </FileInfo>
    </File>
    <File Path="$PSRCDIR/sources_1/ip/blk_mem_gen_0_1/blk_mem_gen_0.xci">
      <FileInfo>
        <Attr Name="ImportPath" Val="$PPRDIR/../../../../../../../../../../../../../../../../../../../../../../../../../../../../../../../../../../../../../../../MODS.srcs/sources_1/ip/blk_mem_gen_0_1/blk_mem_gen_0.xci"/>
        <Attr Name="ImportTime" Val="1673495799"/>
        <Attr Name="UsedIn" Val="synthesis"/>
        <Attr Name="UsedIn" Val="implementation"/>
        <Attr Name="UsedIn" Val="simulation"/>
      </FileInfo>
    </File>
    <File Path="$PSRCDIR/sources_1/new/CanvasTransfer.v">
      <FileInfo>
        <Attr Name="ImportPath" Val="$PPRDIR/../../../../../../../../../../../../../../../../../../../../../../../../../../../../../../../../../../../../../../../MODS.srcs/sources_1/new/CanvasTransfer.v"/>
        <Attr Name="ImportTime" Val="1680151347"/>
        <Attr Name="UsedIn" Val="synthesis"/>
        <Attr Name="UsedIn" Val="implementation"/>
        <Attr Name="UsedIn" Val="simulation"/>
      </FileInfo>
    </File>
    <File Path="$PSRCDIR/sources_1/imports/Desktop/Oled_Display.v">
      <FileInfo>
        <Attr Name="ImportPath" Val="$PPRDIR/../../../../../../../../../../../../../../../../../../../../../../../../../../../../../../../../../../../../../../../MODS.srcs/sources_1/imports/Desktop/Oled_Display.v"/>
        <Attr Name="ImportTime" Val="1677398246"/>
        <Attr Name="UsedIn" Val="synthesis"/>
        <Attr Name="UsedIn" Val="implementation"/>
        <Attr Name="UsedIn" Val="simulation"/>
      </FileInfo>
    </File>
    <File Path="$PSRCDIR/sources_1/new/custom_clock.v">
      <FileInfo>
        <Attr Name="ImportPath" Val="$PPRDIR/../../../../../../../../../../../../../../../../../../../../../../../../../../../../../../../../../../../../../ee2026/MODS - individual/MODS.srcs/sources_1/new/custom_clock.v"/>
        <Attr Name="ImportTime" Val="1727936224"/>
        <Attr Name="UsedIn" Val="synthesis"/>
        <Attr Name="UsedIn" Val="implementation"/>
        <Attr Name="UsedIn" Val="simulation"/>
      </FileInfo>
    </File>
    <File Path="$PSRCDIR/sources_1/new/module_pack.v">
      <FileInfo>
        <Attr Name="ImportPath" Val="$PPRDIR/../../../../../../../../../../../../../../../../../../../../../../../../../../../../../../../../../../../../../../../MODS.srcs/sources_1/new/module_pack.v"/>
        <Attr Name="ImportTime" Val="1686554360"/>
        <Attr Name="UsedIn" Val="synthesis"/>
        <Attr Name="UsedIn" Val="implementation"/>
        <Attr Name="UsedIn" Val="simulation"/>
      </FileInfo>
    </File>
    <File Path="$PSRCDIR/sources_1/new/neural_net.v">
      <FileInfo>
        <Attr Name="ImportPath" Val="$PPRDIR/../../../../../../../../../../../../../../../../../../../../../../../../../../../../../../../../../../../../../../../MODS.srcs/sources_1/new/neural_net.v"/>
        <Attr Name="ImportTime" Val="1677159677"/>
        <Attr Name="UsedIn" Val="synthesis"/>
        <Attr Name="UsedIn" Val="implementation"/>
        <Attr Name="UsedIn" Val="simulation"/>
      </FileInfo>
    </File>
    <File Path="$PSRCDIR/sources_1/new/ss_display.v">
      <FileInfo>
        <Attr Name="ImportPath" Val="$PPRDIR/../../../../../../../../../../../../../../../../../../../../../../../../../../../../../../../../../../../../../../../MODS.srcs/sources_1/new/ss_display.v"/>
        <Attr Name="ImportTime" Val="1696226948"/>
        <Attr Name="UsedIn" Val="synthesis"/>
        <Attr Name="UsedIn" Val="implementation"/>
        <Attr Name="UsedIn" Val="simulation"/>
      </FileInfo>
    </File>
    <File Path="$PSRCDIR/sources_1/new/Top_Student.v">
      <FileInfo>
        <Attr Name="ImportPath" Val="$PPRDIR/../../../../../../../../../../../../../../../../../../../../../../../../../../../../../../../../../../../../../../../../../../../SoundDisplay.srcs/sources_1/new/Top_Student.v"/>
        <Attr Name="ImportTime" Val="1570395690"/>
        <Attr Name="UsedIn" Val="synthesis"/>
        <Attr Name="UsedIn" Val="implementation"/>
        <Attr Name="UsedIn" Val="simulation"/>
      </FileInfo>
    </File>
    <File Path="$PSRCDIR/sources_1/imports/MouseAudioDisplay/archive_project_summary.txt">
      <FileInfo>
        <Attr Name="ImportPath" Val="$PPRDIR/../../../../../../../../../../../../../../../../../../../../../../../../../../../../../../../../../../../../../../../../MouseAudioDisplay/archive_project_summary.txt"/>
        <Attr Name="ImportTime" Val="1677398648"/>
      </FileInfo>
    </File>
    <File Path="$PSRCDIR/sources_1/imports/res/weights.coe">
      <FileInfo>
        <Attr Name="ImportPath" Val="$PPRDIR/../../../../../../../../../../../../../../../../../../../../../../../../../../../../../../../../../../../../../../../res/weights.coe"/>
        <Attr Name="ImportTime" Val="1677159677"/>
        <Attr Name="UsedIn" Val="synthesis"/>
        <Attr Name="UsedIn" Val="simulation"/>
      </FileInfo>
    </File>
    <File Path="$PSRCDIR/sources_1/imports/res/00.coe">
      <FileInfo>
        <Attr Name="ImportPath" Val="$PPRDIR/../../../../../../../../../../../../../../../../../../../../../../../../../../../../../../../../../../../../../../../res/00.coe"/>
        <Attr Name="ImportTime" Val="1677159677"/>
        <Attr Name="UsedIn" Val="synthesis"/>
        <Attr Name="UsedIn" Val="simulation"/>
      </FileInfo>
    </File>
    <File Path="$PSRCDIR/sources_1/imports/MODS - individual/archive_project_summary.txt">
      <FileInfo>
        <Attr Name="ImportPath" Val="$PPRDIR/../../../../../../../../../../../../../../../../../../../../../../../../../../../../../../../../../../../../../ee2026/MODS - individual/archive_project_summary.txt"/>
        <Attr Name="ImportTime" Val="1709183388"/>
      </FileInfo>
    </File>
    <File Path="$PSRCDIR/sources_1/new/task_d.v">
      <FileInfo>
        <Attr Name="ImportPath" Val="$PPRDIR/../../../../../../../../../../../../../../../../../../../../../../../../../../../../../../../../../../../../../ee2026/MODS - individual/MODS.srcs/sources_1/new/task_d.v"/>
        <Attr Name="ImportTime" Val="1728186733"/>
        <Attr Name="UsedIn" Val="synthesis"/>
        <Attr Name="UsedIn" Val="implementation"/>
        <Attr Name="UsedIn" Val="simulation"/>
      </FileInfo>
    </File>
    <File Path="$PSRCDIR/sources_1/new/create_doughnut.v">
      <FileInfo>
        <Attr Name="ImportPath" Val="$PPRDIR/../../../../../../../../../../../../../../../../../../../../../../../../../../../../../../../../../../../../../ee2026/MODS - individual/MODS.srcs/sources_1/new/create_doughnut.v"/>
        <Attr Name="ImportTime" Val="1728317990"/>
        <Attr Name="UsedIn" Val="synthesis"/>
        <Attr Name="UsedIn" Val="implementation"/>
        <Attr Name="UsedIn" Val="simulation"/>
      </FileInfo>
    </File>
    <File Path="$PSRCDIR/sources_1/new/solid_square.v">
      <FileInfo>
        <Attr Name="ImportPath" Val="$PPRDIR/../../../../../../../../../../../../../../../../../../../../../../../../../../../../../../../../../../../../../ee2026/MODS - individual/MODS.srcs/sources_1/new/solid_square.v"/>
        <Attr Name="ImportTime" Val="1728319903"/>
        <Attr Name="UsedIn" Val="synthesis"/>
        <Attr Name="UsedIn" Val="implementation"/>
        <Attr Name="UsedIn" Val="simulation"/>
      </FileInfo>
    </File>
    <File Path="$PSRCDIR/sources_1/new/task_a.v">
      <FileInfo>
        <Attr Name="ImportPath" Val="$PPRDIR/../../../../../../../../../../../../../../../../../../../../../../../../../../../../../../../../../../../../../ee2026/MODS - individual/MODS.srcs/sources_1/new/task_a.v"/>
        <Attr Name="ImportTime" Val="1728320072"/>
        <Attr Name="UsedIn" Val="synthesis"/>
        <Attr Name="UsedIn" Val="implementation"/>
        <Attr Name="UsedIn" Val="simulation"/>
      </FileInfo>
    </File>
    <File Path="$PSRCDIR/sources_1/new/solid_circle.v">
      <FileInfo>
        <Attr Name="ImportPath" Val="$PPRDIR/../../../../../../../../../../../../../../../../../../../../../../../../../../../../../../../../../../../../../ee2026/MODS - individual/MODS.srcs/sources_1/new/solid_circle.v"/>
        <Attr Name="ImportTime" Val="1728318237"/>
        <Attr Name="UsedIn" Val="synthesis"/>
        <Attr Name="UsedIn" Val="implementation"/>
        <Attr Name="UsedIn" Val="simulation"/>
      </FileInfo>
    </File>
    <File Path="$PSRCDIR/sources_1/new/red_border.v">
      <FileInfo>
        <Attr Name="ImportPath" Val="$PPRDIR/../../../../../../../../../../../../../../../../../../../../../../../../../../../../../../../../../../../../../ee2026/MODS - individual/MODS.srcs/sources_1/new/red_border.v"/>
        <Attr Name="ImportTime" Val="1728318178"/>
        <Attr Name="UsedIn" Val="synthesis"/>
        <Attr Name="UsedIn" Val="implementation"/>
        <Attr Name="UsedIn" Val="simulation"/>
      </FileInfo>
    </File>
    <File Path="$PSRCDIR/sources_1/new/button_press.v">
      <FileInfo>
        <Attr Name="ImportPath" Val="$PPRDIR/../../../../../../../../../../../../../../../../../../../../../../../../../../../../../../../../../../../../../ee2026/MODS - individual/MODS.srcs/sources_1/new/button_press.v"/>
        <Attr Name="ImportTime" Val="1728319228"/>
        <Attr Name="UsedIn" Val="synthesis"/>
        <Attr Name="UsedIn" Val="implementation"/>
        <Attr Name="UsedIn" Val="simulation"/>
      </FileInfo>
    </File>
    <File Path="$PSRCDIR/sources_1/new/count.v">
      <FileInfo>
        <Attr Name="ImportPath" Val="$PPRDIR/../../../../../../../../../../../../../../../../../../../../../../../../../../../../../../../../../../../../../ee2026/MODS - individual/MODS.srcs/sources_1/new/count.v"/>
        <Attr Name="ImportTime" Val="1728319132"/>
        <Attr Name="UsedIn" Val="synthesis"/>
        <Attr Name="UsedIn" Val="implementation"/>
        <Attr Name="UsedIn" Val="simulation"/>
      </FileInfo>
    </File>
    <File Path="$PSRCDIR/sources_1/new/task_b.v">
      <FileInfo>
        <Attr Name="ImportPath" Val="$PPRDIR/../../../../../../../../../../../../../../../../../../../../../../../../../../../../../../../../../../../../../ee2026/MODS - individual/MODS.srcs/sources_1/new/task_b.v"/>
        <Attr Name="ImportTime" Val="1728319076"/>
        <Attr Name="UsedIn" Val="synthesis"/>
        <Attr Name="UsedIn" Val="implementation"/>
        <Attr Name="UsedIn" Val="simulation"/>
      </FileInfo>
    </File>
    <File Path="$PSRCDIR/sources_1/new/square_color.v">
      <FileInfo>
        <Attr Name="ImportPath" Val="$PPRDIR/../../../../../../../../../../../../../../../../../../../../../../../../../../../../../../../../../../../../../ee2026/MODS - individual/MODS.srcs/sources_1/new/square_color.v"/>
        <Attr Name="ImportTime" Val="1728319188"/>
        <Attr Name="UsedIn" Val="synthesis"/>
        <Attr Name="UsedIn" Val="implementation"/>
        <Attr Name="UsedIn" Val="simulation"/>
      </FileInfo>
    </File>
    <File Path="$PSRCDIR/sources_1/new/task_c2.v">
      <FileInfo>
        <Attr Name="ImportPath" Val="$PPRDIR/../../../../../../../../../../../../../../../../../../../../../../../../../../../../../../../../../../../../../ee2026/MODS - individual/MODS.srcs/sources_1/new/task_c2.v"/>
        <Attr Name="ImportTime" Val="1728321223"/>
        <Attr Name="UsedIn" Val="synthesis"/>
        <Attr Name="UsedIn" Val="implementation"/>
        <Attr Name="UsedIn" Val="simulation"/>
      </FileInfo>
    </File>
    <File Path="$PSRCDIR/sources_1/new/task_init.v">
      <FileInfo>
        <Attr Name="ImportPath" Val="$PPRDIR/../../../../../../../../../../../../../../../../../../../../../../../../../../../../../MODS.srcs/sources_1/new/task_init.v"/>
        <Attr Name="ImportTime" Val="1728367641"/>
        <Attr Name="UsedIn" Val="synthesis"/>
        <Attr Name="UsedIn" Val="implementation"/>
        <Attr Name="UsedIn" Val="simulation"/>
      </FileInfo>
    </File>
    <File Path="$PSRCDIR/sources_1/imports/t01_draft_2/archive_project_summary.txt">
      <FileInfo>
        <Attr Name="ImportPath" Val="$PPRDIR/../../../../../../../../../../../../ee2026/t01_draft_2/archive_project_summary.txt"/>
        <Attr Name="ImportTime" Val="1728467487"/>
      </FileInfo>
    </File>
    <File Path="$PSRCDIR/sources_1/imports/MODS/archive_project_summary.txt">
      <FileInfo>
        <Attr Name="ImportPath" Val="$PPRDIR/../../../../archive_project_summary.txt"/>
        <Attr Name="ImportTime" Val="1728493509"/>
      </FileInfo>
    </File>
    <File Path="$PSRCDIR/sources_1/new/debouncer_a.v">
      <FileInfo>
        <Attr Name="ImportPath" Val="$PPRDIR/../../../../MODS.srcs/sources_1/new/debouncer_a.v"/>
        <Attr Name="ImportTime" Val="1728498458"/>
        <Attr Name="UsedIn" Val="synthesis"/>
        <Attr Name="UsedIn" Val="implementation"/>
        <Attr Name="UsedIn" Val="simulation"/>
      </FileInfo>
    </File>
    <File Path="$PSRCDIR/sources_1/new/count_a.v">
      <FileInfo>
        <Attr Name="ImportPath" Val="$PPRDIR/../../../../MODS.srcs/sources_1/new/count_a.v"/>
        <Attr Name="ImportTime" Val="1728500645"/>
        <Attr Name="UsedIn" Val="synthesis"/>
        <Attr Name="UsedIn" Val="implementation"/>
        <Attr Name="UsedIn" Val="simulation"/>
      </FileInfo>
    </File>
    <Config>
      <Option Name="DesignMode" Val="RTL"/>
      <Option Name="TopModule" Val="Top_Student"/>
    </Config>
  </FileSet>
  <FileSet Name="constrs_in" Type="Constrs" RelSrcDir="$PSRCDIR/constrs_1">
    <Filter Type="Constrs"/>
    <File Path="$PSRCDIR/constrs_1/new/constraints.xdc">
      <FileInfo>
        <Attr Name="ImportPath" Val="$PPRDIR/../../../../../../../../../../../../../../../../../../../../../../../../../../../../../../../../../../../../../ee2026/MODS - individual/MODS.srcs/constrs_1/new/constraints.xdc"/>
        <Attr Name="ImportTime" Val="1728319639"/>
        <Attr Name="UsedIn" Val="synthesis"/>
        <Attr Name="UsedIn" Val="implementation"/>
      </FileInfo>
    </File>
    <Config>
      <Option Name="ConstrsType" Val="XDC"/>
    </Config>
  </FileSet>
  <Strategy Version="1" Minor="2">
    <StratHandle Name="Vivado Implementation Defaults" Flow="Vivado Implementation 2018"/>
    <Step Id="init_design"/>
    <Step Id="opt_design"/>
    <Step Id="power_opt_design"/>
    <Step Id="place_design"/>
    <Step Id="post_place_power_opt_design"/>
    <Step Id="phys_opt_design"/>
    <Step Id="route_design"/>
    <Step Id="post_route_phys_opt_design"/>
    <Step Id="write_bitstream"/>
  </Strategy>
  <BlockFileSet Type="BlockSrcs" Name="blk_mem_gen_img"/>
  <BlockFileSet Type="BlockSrcs" Name="blk_mem_gen_const"/>
</GenRun>
